"Reference","Value","Datasheet","Footprint","Qty","DNP"
"BZ1","Buzzer","~","Buzzer_Beeper:Buzzer_12x9.5RM7.6","1",""
"C1","100uF 35V","~","Capacitor_SMD:C_Elec_6.3x5.8","1",""
"C2,C5,C6,C7,C8,C9,C12,C13","100nF","~","Capacitor_SMD:C_0603_1608Metric","8",""
"C3","100uF 16V","~","Capacitor_SMD:C_Elec_6.3x5.8","1",""
"C4,C14","10uF 16V","~","Capacitor_SMD:C_0805_2012Metric","2",""
"C10","2.2nF","~","Capacitor_SMD:C_0603_1608Metric","1",""
"C11","10nF","~","Capacitor_SMD:C_0603_1608Metric","1",""
"D1","SS34","https://www.vishay.com/docs/88751/ss32.pdf","Diode_SMD:D_SMA","1",""
"D2","WS2812B","https://cdn-shop.adafruit.com/datasheets/WS2812B.pdf","LED_SMD:LED_WS2812B_PLCC4_5.0x5.0mm_P3.2mm","1",""
"D3","1N4148","https://assets.nexperia.com/documents/data-sheet/1N4148_1N4448.pdf","Diode_SMD:D_SOD-123","1",""
"F1","500mA","~","Fuse:Fuse_1206_3216Metric","1",""
"J1","Battery XT30","~","Connector_AMASS:AMASS_XT30PW-M_1x02_P2.50mm_Horizontal","1",""
"J3","IBUS/SBUS RECIEVER","~","Connector_PinHeader_2.54mm:PinHeader_1x03_P2.54mm_Vertical","1",""
"J4","PWM RECIEVER","~","Connector_PinHeader_2.54mm:PinHeader_1x08_P2.54mm_Vertical","1",""
"J5","MOTOR OUT","~","Connector_PinHeader_2.54mm:PinHeader_1x05_P2.54mm_Vertical","1",""
"J6","GPS ","~","Connector_PinHeader_2.54mm:PinHeader_1x04_P2.54mm_Vertical","1",""
"J9","USB_C_Receptacle_USB2.0_16P","https://www.usb.org/sites/default/files/documents/usb_type-c.zip","Connector_USB:USB_C_Receptacle_GCT_USB4105-xx-A_16P_TopMnt_Horizontal","1",""
"MP1584","~","","Package_SO:SOIC-8-1EP_3.9x4.9mm_P1.27mm_EP2.29x3mm","1",""
"Q1","2N3904","https://www.onsemi.com/pub/Collateral/2N3903-D.PDF","Package_TO_SOT_SMD:SOT-23","1",""
"R1","22k","~","Resistor_SMD:R_0603_1608Metric","1",""
"R2,R3","100k","~","Resistor_SMD:R_0603_1608Metric","2",""
"R4,R5","10k","~","Resistor_SMD:R_0603_1608Metric","2",""
"R6","1k","~","Resistor_SMD:R_0603_1608Metric","1",""
"R7","330k","~","Resistor_SMD:R_0603_1608Metric","1",""
"R8,R9","5.1k","~","Resistor_SMD:R_0603_1608Metric","2",""
"R10,R11","4.7k","~","Resistor_SMD:R_0603_1608Metric","2",""
"SW1","RESET","~","Button_Switch_SMD:SW_SPST_EVQP7C","1",""
"SW2","BOOT","~","Button_Switch_SMD:SW_SPST_EVQP7C","1",""
"U1","ESP32-WROOM-32E","https://www.espressif.com/sites/default/files/documentation/esp32-wroom-32e_esp32-wroom-32ue_datasheet_en.pdf","RF_Module:ESP32-WROOM-32D","1",""
"U2","AMS1117-3.3","http://www.advanced-monolithic.com/pdf/ds1117.pdf","Package_TO_SOT_SMD:SOT-223-3_TabPin2","1",""
"U3","CH340C","https://datasheet.lcsc.com/szlcsc/Jiangsu-Qin-Heng-CH340C_C84681.pdf","Package_SO:SOIC-16_3.9x9.9mm_P1.27mm","1",""
"U4","MPU-6050","https://invensense.tdk.com/wp-content/uploads/2015/02/MPU-6000-Datasheet1.pdf","Sensor_Motion:InvenSense_QFN-24_4x4mm_P0.5mm","1",""
